{
  "config": {
    "session": {
      "maxAge": 86400000,
      "key": "EGG_SESS",
      "httpOnly": true,
      "encrypt": true,
      "overwrite": true,
      "signed": true,
      "encode": "<Function encode>",
      "decode": "<Function decode>",
      "genid": "<Function anonymous>"
    },
    "security": {
      "domainWhiteList": [],
      "protocolWhiteList": [],
      "defaultMiddleware": "csrf,hsts,methodnoallow,noopen,nosniff,csp,xssProtection,xframe,dta",
      "csrf": {
        "enable": false,
        "useSession": false,
        "ignoreJSON": false,
        "cookieName": "csrfToken",
        "sessionName": "csrfToken",
        "headerName": "x-csrf-token",
        "bodyName": "_csrf",
        "queryName": "_csrf"
      },
      "xframe": {
        "enable": true,
        "value": "SAMEORIGIN",
        "matching": "<Function anonymous>"
      },
      "hsts": {
        "enable": false,
        "maxAge": 31536000,
        "includeSubdomains": false
      },
      "dta": {
        "enable": true,
        "matching": "<Function anonymous>"
      },
      "methodnoallow": {
        "enable": true,
        "matching": "<Function anonymous>"
      },
      "noopen": {
        "enable": true,
        "matching": "<Function anonymous>"
      },
      "nosniff": {
        "enable": true,
        "matching": "<Function anonymous>"
      },
      "xssProtection": {
        "enable": true,
        "value": "1; mode=block",
        "matching": "<Function anonymous>"
      },
      "csp": {
        "enable": false,
        "policy": {}
      }
    },
    "helper": {
      "shtml": {}
    },
    "jsonp": {
      "limit": 50,
      "callback": [
        "_callback",
        "callback"
      ],
      "csrf": false
    },
    "onerror": {
      "errorPageUrl": "",
      "appErrorFilter": null
    },
    "i18n": {
      "defaultLocale": "en_US",
      "dirs": [
        "D:\\Node-project\\练习的项目\\eggOne\\egg-example\\node_modules\\egg-session\\config\\locales",
        "D:\\Node-project\\练习的项目\\eggOne\\egg-example\\node_modules\\egg-security\\config\\locales",
        "D:\\Node-project\\练习的项目\\eggOne\\egg-example\\node_modules\\egg-jsonp\\config\\locales",
        "D:\\Node-project\\练习的项目\\eggOne\\egg-example\\node_modules\\egg-onerror\\config\\locales",
        "D:\\Node-project\\练习的项目\\eggOne\\egg-example\\node_modules\\egg-i18n\\config\\locales",
        "D:\\Node-project\\练习的项目\\eggOne\\egg-example\\node_modules\\egg-watcher\\config\\locales",
        "D:\\Node-project\\练习的项目\\eggOne\\egg-example\\node_modules\\egg-multipart\\config\\locales",
        "D:\\Node-project\\练习的项目\\eggOne\\egg-example\\node_modules\\egg-development\\config\\locales",
        "D:\\Node-project\\练习的项目\\eggOne\\egg-example\\node_modules\\egg-schedule\\config\\locales",
        "D:\\Node-project\\练习的项目\\eggOne\\egg-example\\node_modules\\egg-logrotator\\config\\locales",
        "D:\\Node-project\\练习的项目\\eggOne\\egg-example\\node_modules\\egg-static\\config\\locales",
        "D:\\Node-project\\练习的项目\\eggOne\\egg-example\\node_modules\\egg-view\\config\\locales",
        "D:\\Node-project\\练习的项目\\eggOne\\egg-example\\node_modules\\egg-view-nunjucks\\config\\locales",
        "D:\\Node-project\\练习的项目\\eggOne\\egg-example\\node_modules\\egg-mongoose\\config\\locales",
        "D:\\Node-project\\练习的项目\\eggOne\\egg-example\\node_modules\\egg-view-vue\\config\\locales",
        "D:\\Node-project\\练习的项目\\eggOne\\egg-example\\node_modules\\egg\\config\\locales",
        "D:\\Node-project\\练习的项目\\eggOne\\egg-example\\config\\locales"
      ],
      "queryField": "locale",
      "cookieField": "locale",
      "cookieMaxAge": "1y",
      "functionName": "__"
    },
    "watcher": {
      "type": "development",
      "eventSources": {
        "default": "D:\\Node-project\\练习的项目\\eggOne\\egg-example\\node_modules\\egg-watcher\\lib\\event-sources\\default",
        "development": "D:\\Node-project\\练习的项目\\eggOne\\egg-example\\node_modules\\egg-watcher\\lib\\event-sources\\development"
      }
    },
    "multipart": {
      "autoFields": false,
      "defaultCharset": "utf8",
      "fieldNameSize": 100,
      "fieldSize": 102400,
      "fields": 10,
      "fileSize": 10485760,
      "files": 10,
      "fileExtensions": [],
      "whitelist": null
    },
    "development": {
      "watchDirs": [],
      "ignoreDirs": [],
      "fastReady": false,
      "reloadOnDebug": true,
      "overrideDefault": false
    },
    "logrotator": {
      "filesRotateByHour": null,
      "hourDelimiter": "-",
      "filesRotateBySize": null,
      "maxFileSize": 52428800,
      "maxFiles": 10,
      "rotateDuration": 60000,
      "maxDays": 31
    },
    "static": {
      "prefix": "/public/",
      "dir": "D:\\Node-project\\练习的项目\\eggOne\\egg-example\\app\\public",
      "dynamic": true,
      "preload": false,
      "buffer": false,
      "maxFiles": 1000,
      "files": "<LRU>"
    },
    "view": {
      "root": [
        "D:\\Node-project\\练习的项目\\eggOne\\egg-example\\app\\view"
      ],
      "cache": false,
      "defaultExtension": ".html",
      "defaultViewEngine": "nunjucks",
      "mapping": {
        ".js": "vue",
        ".tpl": "nunjucks"
      }
    },
    "nunjucks": {
      "autoescape": true,
      "throwOnUndefined": false,
      "trimBlocks": false,
      "lstripBlocks": false,
      "cache": false
    },
    "mongoose": {
      "url": "mongodb://127.0.0.1/example",
      "options": {}
    },
    "vue": {
      "cache": false
    },
    "env": "local",
    "name": "service",
    "keys": "<String len: 22>",
    "proxy": false,
    "protocolHeaders": "x-forwarded-proto",
    "ipHeaders": "x-forwarded-for",
    "hostHeaders": "x-forwarded-host",
    "pkg": {
      "name": "service",
      "version": "1.0.0",
      "description": "this is a egg project",
      "private": true,
      "dependencies": {
        "ali-oss": "^4.11.4",
        "ansi-regex": "^3.0.0",
        "ansi-styles": "^3.2.0",
        "await-stream-ready": "^1.0.1",
        "axios": "^0.17.1",
        "camel-case": "^3.0.0",
        "chalk": "^2.3.0",
        "change-case": "^3.0.1",
        "co": "^4.6.0",
        "color-convert": "^1.9.1",
        "color-name": "^1.1.3",
        "common-bin": "^2.7.1",
        "constant-case": "^2.0.0",
        "core-util-is": "^1.0.2",
        "crypto": "^1.0.1",
        "dargs": "^5.1.0",
        "debug": "^3.1.0",
        "dot-case": "^2.1.1",
        "egg": "^2.1.0",
        "egg-cookies": "^2.2.2",
        "egg-mongoose": "^2.1.1",
        "egg-scripts": "^2.1.0",
        "egg-session": "^3.1.0",
        "egg-view-nunjucks": "^2.1.4",
        "egg-view-vue": "^1.0.0",
        "escape-string-regexp": "^1.0.5",
        "fs": "^0.0.1-security",
        "header-case": "^1.0.1",
        "http": "^0.0.0",
        "is-class": "^0.0.4",
        "is-fullwidth-code-point": "^2.0.0",
        "is-lower-case": "^1.1.3",
        "is-type-of": "^1.2.0",
        "is-upper-case": "^1.1.2",
        "isstream": "^0.1.2",
        "locate-path": "^2.0.0",
        "lower-case": "^1.1.4",
        "lower-case-first": "^1.0.2",
        "ms": "^2.1.1",
        "no-case": "^2.3.2",
        "node-alidayu": "^1.0.0",
        "node-xlsx": "^0.11.2",
        "p-limit": "^1.1.0",
        "p-locate": "^2.0.0",
        "param-case": "^2.1.1",
        "pascal-case": "^2.0.1",
        "path": "^0.12.7",
        "path-case": "^2.1.1",
        "path-exists": "^3.0.0",
        "querystring": "^0.2.0",
        "semver": "^5.4.1",
        "sentence-case": "^2.1.1",
        "snake-case": "^2.1.0",
        "stream-to-array": "^2.3.0",
        "stream-wormhole": "^1.0.3",
        "strip-ansi": "^4.0.0",
        "supports-color": "^5.1.0",
        "swap-case": "^1.1.2",
        "title-case": "^2.1.1",
        "ueditor": "^1.2.3",
        "upper-case": "^1.1.3",
        "upper-case-first": "^1.1.2",
        "vue-router": "^3.0.1",
        "yargs": "^10.0.3"
      },
      "devDependencies": {
        "autod": "^3.0.1",
        "autod-egg": "^1.0.0",
        "egg-bin": "^4.3.7",
        "egg-ci": "^1.8.0",
        "egg-mock": "^3.13.0",
        "eslint": "^4.11.0",
        "eslint-config-egg": "^5.1.0",
        "webstorm-disable-index": "^1.2.0"
      },
      "engines": {
        "node": ">=8.9.0"
      },
      "scripts": {
        "start": "egg-scripts start --daemon",
        "stop": "egg-scripts stop",
        "dev": "egg-bin dev",
        "debug": "egg-bin debug",
        "test": "npm run lint -- --fix && npm run test-local",
        "test-local": "egg-bin test",
        "cov": "egg-bin cov",
        "lint": "eslint .",
        "ci": "npm run lint && npm run cov",
        "autod": "autod"
      },
      "ci": {
        "version": "8"
      },
      "repository": {
        "type": "git",
        "url": ""
      },
      "author": "yuanliting",
      "license": "MIT"
    },
    "baseDir": "D:\\Node-project\\练习的项目\\eggOne\\egg-example",
    "HOME": "C:\\Users\\admin",
    "rundir": "D:\\Node-project\\练习的项目\\eggOne\\egg-example\\run",
    "dump": {
      "ignore": "<Set>"
    },
    "confusedConfigurations": {
      "bodyparser": "bodyParser",
      "notFound": "notfound",
      "sitefile": "siteFile",
      "middlewares": "middleware",
      "httpClient": "httpclient"
    },
    "notfound": {
      "pageUrl": ""
    },
    "siteFile": {
      "/favicon.ico": "<Buffer len: 14191>"
    },
    "bodyParser": {
      "enable": true,
      "encoding": "utf8",
      "formLimit": "100kb",
      "jsonLimit": "100kb",
      "strict": true,
      "queryString": {
        "arrayLimit": 100,
        "depth": 5,
        "parameterLimit": 1000
      },
      "returnRawBody": true
    },
    "logger": {
      "dir": "D:\\Node-project\\练习的项目\\eggOne\\egg-example\\logs\\service",
      "encoding": "utf8",
      "env": "local",
      "level": "INFO",
      "consoleLevel": "INFO",
      "disableConsoleAfterReady": false,
      "outputJSON": false,
      "buffer": true,
      "appLogName": "service-web.log",
      "coreLogName": "egg-web.log",
      "agentLogName": "egg-agent.log",
      "errorLogName": "common-error.log",
      "coreLogger": {
        "consoleLevel": "WARN"
      },
      "allowDebugAtProd": true,
      "type": "application"
    },
    "httpclient": {
      "enableDNSCache": false,
      "dnsCacheMaxLength": 1000,
      "dnsCacheMaxAge": 10000,
      "request": {
        "timeout": 5000
      },
      "httpAgent": {
        "keepAlive": true,
        "freeSocketKeepAliveTimeout": 4000,
        "maxSockets": 9007199254740991,
        "maxFreeSockets": 256
      },
      "httpsAgent": {
        "keepAlive": true,
        "freeSocketKeepAliveTimeout": 4000,
        "maxSockets": 9007199254740991,
        "maxFreeSockets": 256
      }
    },
    "meta": {
      "enable": true,
      "logging": false
    },
    "coreMiddleware": [
      "meta",
      "siteFile",
      "notfound",
      "static",
      "bodyParser",
      "overrideMethod",
      "session",
      "securities",
      "i18n"
    ],
    "workerStartTimeout": 600000,
    "cluster": {
      "listen": {
        "path": "",
        "port": 7001,
        "hostname": ""
      }
    },
    "clusterClient": {
      "responseTimeout": 60000
    },
    "middleware": [
      "ueditor"
    ],
    "global": {
      "appId": "AP328801193931309066",
      "accessToken": "9b804b7f609e48d789d76f0effbe4ffe",
      "apiUrl": "http://api.bto-dev.utoper.com",
      "accountUrl": "http://account.bto-dev.utoper.com",
      "staticUrl": "/static",
      "staticVersion": 1517968534906,
      "fileUrl": "http://files.bto-dev.utoper.com",
      "reportUrl": "http://gene-report.bto-dev.utoper.com/"
    },
    "oss": {
      "accessKeyId": "LTAI3cuPYRRhFYUk",
      "accessSecret": "<String len: 30>",
      "endpoint": "oss-cn-hangzhou.aliyuncs.com ",
      "bucket": "yuanliting"
    },
    "coreMiddlewares": [
      "meta",
      "siteFile",
      "notfound",
      "static",
      "bodyParser",
      "overrideMethod",
      "session",
      "securities",
      "i18n"
    ],
    "appMiddlewares": [
      "ueditor"
    ],
    "appMiddleware": [
      "ueditor"
    ],
    "multipartParseOptions": {
      "autoFields": false,
      "defCharset": "utf8",
      "limits": {
        "fieldNameSize": 100,
        "fieldSize": 102400,
        "fields": 10,
        "fileSize": 10485760,
        "files": 10
      },
      "checkFile": "<Function checkFile>"
    }
  },
  "plugins": {
    "session": {
      "enable": true,
      "package": "egg-session",
      "name": "session",
      "dependencies": [],
      "optionalDependencies": [],
      "env": [],
      "from": "D:\\Node-project\\练习的项目\\eggOne\\egg-example\\config\\plugin.js",
      "path": "D:\\Node-project\\练习的项目\\eggOne\\egg-example\\node_modules\\egg-session",
      "version": "3.1.0"
    },
    "security": {
      "enable": true,
      "package": "egg-security",
      "name": "security",
      "dependencies": [],
      "optionalDependencies": [
        "session"
      ],
      "env": [],
      "from": "D:\\Node-project\\练习的项目\\eggOne\\egg-example\\node_modules\\egg\\config\\plugin.js",
      "path": "D:\\Node-project\\练习的项目\\eggOne\\egg-example\\node_modules\\egg-security",
      "version": "2.0.0"
    },
    "jsonp": {
      "enable": true,
      "package": "egg-jsonp",
      "name": "jsonp",
      "dependencies": [],
      "optionalDependencies": [
        "security"
      ],
      "env": [],
      "from": "D:\\Node-project\\练习的项目\\eggOne\\egg-example\\node_modules\\egg\\config\\plugin.js",
      "path": "D:\\Node-project\\练习的项目\\eggOne\\egg-example\\node_modules\\egg-jsonp",
      "version": "2.0.0"
    },
    "onerror": {
      "enable": true,
      "package": "egg-onerror",
      "name": "onerror",
      "dependencies": [],
      "optionalDependencies": [
        "jsonp"
      ],
      "env": [],
      "from": "D:\\Node-project\\练习的项目\\eggOne\\egg-example\\node_modules\\egg\\config\\plugin.js",
      "path": "D:\\Node-project\\练习的项目\\eggOne\\egg-example\\node_modules\\egg-onerror",
      "version": "2.0.0"
    },
    "i18n": {
      "enable": true,
      "package": "egg-i18n",
      "name": "i18n",
      "dependencies": [],
      "optionalDependencies": [],
      "env": [],
      "from": "D:\\Node-project\\练习的项目\\eggOne\\egg-example\\node_modules\\egg\\config\\plugin.js",
      "path": "D:\\Node-project\\练习的项目\\eggOne\\egg-example\\node_modules\\egg-i18n",
      "version": "2.0.0"
    },
    "watcher": {
      "enable": true,
      "package": "egg-watcher",
      "name": "watcher",
      "dependencies": [],
      "optionalDependencies": [],
      "env": [],
      "from": "D:\\Node-project\\练习的项目\\eggOne\\egg-example\\node_modules\\egg\\config\\plugin.js",
      "path": "D:\\Node-project\\练习的项目\\eggOne\\egg-example\\node_modules\\egg-watcher",
      "version": "3.0.0"
    },
    "multipart": {
      "enable": true,
      "package": "egg-multipart",
      "name": "multipart",
      "dependencies": [],
      "optionalDependencies": [],
      "env": [],
      "from": "D:\\Node-project\\练习的项目\\eggOne\\egg-example\\node_modules\\egg\\config\\plugin.js",
      "path": "D:\\Node-project\\练习的项目\\eggOne\\egg-example\\node_modules\\egg-multipart",
      "version": "2.0.0"
    },
    "development": {
      "enable": true,
      "package": "egg-development",
      "name": "development",
      "dependencies": [
        "watcher"
      ],
      "optionalDependencies": [],
      "env": [
        "local"
      ],
      "from": "D:\\Node-project\\练习的项目\\eggOne\\egg-example\\node_modules\\egg\\config\\plugin.js",
      "path": "D:\\Node-project\\练习的项目\\eggOne\\egg-example\\node_modules\\egg-development",
      "version": "2.1.0"
    },
    "schedule": {
      "enable": true,
      "package": "egg-schedule",
      "name": "schedule",
      "dependencies": [],
      "optionalDependencies": [],
      "env": [],
      "from": "D:\\Node-project\\练习的项目\\eggOne\\egg-example\\node_modules\\egg\\config\\plugin.js",
      "path": "D:\\Node-project\\练习的项目\\eggOne\\egg-example\\node_modules\\egg-schedule",
      "version": "3.1.1"
    },
    "logrotator": {
      "enable": true,
      "package": "egg-logrotator",
      "name": "logrotator",
      "dependencies": [
        "schedule"
      ],
      "optionalDependencies": [],
      "env": [],
      "from": "D:\\Node-project\\练习的项目\\eggOne\\egg-example\\node_modules\\egg\\config\\plugin.js",
      "path": "D:\\Node-project\\练习的项目\\eggOne\\egg-example\\node_modules\\egg-logrotator",
      "version": "3.0.1"
    },
    "static": {
      "enable": true,
      "package": "egg-static",
      "name": "static",
      "dependencies": [],
      "optionalDependencies": [],
      "env": [],
      "from": "D:\\Node-project\\练习的项目\\eggOne\\egg-example\\node_modules\\egg\\config\\plugin.js",
      "path": "D:\\Node-project\\练习的项目\\eggOne\\egg-example\\node_modules\\egg-static",
      "version": "2.1.0"
    },
    "view": {
      "enable": true,
      "package": "egg-view",
      "name": "view",
      "dependencies": [],
      "optionalDependencies": [],
      "env": [],
      "from": "D:\\Node-project\\练习的项目\\eggOne\\egg-example\\node_modules\\egg\\config\\plugin.js",
      "path": "D:\\Node-project\\练习的项目\\eggOne\\egg-example\\node_modules\\egg-view",
      "version": "2.0.0"
    },
    "nunjucks": {
      "enable": true,
      "package": "egg-view-nunjucks",
      "name": "nunjucks",
      "dependencies": [
        "security",
        "view"
      ],
      "optionalDependencies": [],
      "env": [],
      "from": "D:\\Node-project\\练习的项目\\eggOne\\egg-example\\config\\plugin.js",
      "path": "D:\\Node-project\\练习的项目\\eggOne\\egg-example\\node_modules\\egg-view-nunjucks",
      "version": "2.1.4"
    },
    "mongoose": {
      "enable": true,
      "package": "egg-mongoose",
      "name": "mongoose",
      "dependencies": [],
      "optionalDependencies": [],
      "env": [],
      "from": "D:\\Node-project\\练习的项目\\eggOne\\egg-example\\config\\plugin.js",
      "path": "D:\\Node-project\\练习的项目\\eggOne\\egg-example\\node_modules\\egg-mongoose",
      "version": "2.1.1"
    },
    "vue": {
      "enable": true,
      "package": "egg-view-vue",
      "name": "vue",
      "dependencies": [
        "view"
      ],
      "optionalDependencies": [],
      "env": [],
      "from": "D:\\Node-project\\练习的项目\\eggOne\\egg-example\\config\\plugin.js",
      "path": "D:\\Node-project\\练习的项目\\eggOne\\egg-example\\node_modules\\egg-view-vue",
      "version": "1.0.0"
    }
  }
}